??? ??????,?????,?????,????? ??????,Email,??? ????,??????,???????,????? ???????,????????,??? ????? ???????,??? ???????,???????,?????? ??????? ???????,???????,???? ?????,Major Dep.,Status,Minor Dep.,??? ??????,???????,??????? ????????
???? ????????? ????????? ???,????,????,161001,m.abdeltawab_fci16@suezuni.edu.eg,98765432136251,Dr.Yasser Fouaad Ramadan,????,26-Jun-98,1111111,??????,??? ????,????,???????? ?????? -2016,Address123,?????,???? ??????,????,,,-------------------,??? ?????
????? ???? ????????? ????,???,????,161002,i.ahmed_fci16@suezuni.edu.eg,98765432136252,Dr.Yasser Fouaad Ramadan,????,27-Jun-98,1111112,??????,??????,????,???????? ?????? -2016,Address124,?????,????????? ?????????,????,,,???? ??? 28,?? ????
????? ???? ???? ????,????,????,161003,a.naser_fci16@suezuni.edu.eg,98765432136253,Dr.Yasser Fouaad Ramadan,????,28-Jun-98,1111113,??????,??????,????,???????? ?????? -2016,Address125,?????,????????? ?????????,????,,,-------------------,??? ?????
?????? ???? ???? ???????,????,????,161004,m.said_fci16@suezuni.edu.eg,98765432136254,Dr.Yasser Fouaad Ramadan,????,29-Jun-98,1111114,??????,??????,?????,???????? ?????? -2016,Address126,?????,????????? ?????????,????,,,-------------------,??? ?????
???? ???? ??? ????,???,????,161005,a.abdo_fci16@suezuni.edu.eg,98765432136255,Dr.Yasser Fouaad Ramadan,????,30-Jun-98,1111115,??????,??????,????,???????? ?????? -2016,Address127,?????,???? ??????,????,,,??? ???? ??????? ???????,????
???? ??????? ????? ???????,???,???????,161006,m.abdelhai_fci16@suezuni.edu.eg,98765432136256,Dr.Yasser Fouaad Ramadan,????,01-Jul-98,1111116,??????,??????,????,???????? ?????? -2016,Address128,???,???? ??????,????,???? ??????,,??? ???? ??????? ???????,????
????? ???? ???? ????,????,????,161007,a.mohamed_fci164@suezuni.edu.eg,98765432136257,Dr.Yasser Fouaad Ramadan,????,02-Jul-98,1111117,??????,??????,????,???????? ?????? -2016,Address129,?????,???? ??????,????,,,-------------------,??? ?????
??? ???? ????? ?????????,????,????,161008,s.mohamed_fci161@suezuni.edu.eg,98765432136258,Dr.Haitham Farook Abd Elfattah,????,03-Jul-98,1111118,??????,??????,????,???????? ?????? -2016,Address130,?????,???? ??????,????,,,-------------------,??? ?????
???? ???? ???? ???? ?????,????,????,161009,s.mohamed_fci16@suezuni.edu.eg,98765432136259,Dr. Samah Ahmed Zaki,????,04-Jul-98,1111119,??????,???????,????,???????? ?????? -2016,Address131,?????,???? ??????,????,,,-------------------,??? ?????
???? ??? ????? ???? ????,????,????,161010,z.mohyeldeen_fci16@suezuni.edu.eg,98765432136260,Dr. Fayza Ahmed Elsayed,????,05-Jul-98,1111120,??????,??????,????,???????? ?????? -2016,Address132,?????,????????? ?????????,????,,,-------------------,??? ?????
??? ???? ????? ???? ?????????,????,????,161011,s.hossameldeen_fci16@suezuni.edu.eg,98765432136261,Dr.Hussein Mohammed Sharaf,????,06-Jul-98,1111121,??????,??????,????,???????? ?????? -2016,Address133,?????,????????? ?????????,????,,,-------------------,??? ?????
????????? ???? ???? ????,???,????,161012,a.mohamed_fci163@suezuni.edu.eg,98765432136262,Dr.Wael Mohammed Fawaz,????,07-Jul-98,1111122,??????,??????,????,???????? ?????? -2016,Address134,???,???? ??????,????,,,??? ???? ??????? ???????,????
??? ???? ??? ??? ??????,???,????,161014,a.hossam_fci16@suezuni.edu.eg,98765432136263,Dr. Mohamed  Ali Atia,????,08-Jul-98,1111123,??????,??????,????,???????? ?????? -2016,Address135,?????,????????? ?????????,????,,,??? ???? ??????? ???????,????
???? ???? ????? ????,????,????,161015,s.wael_fci16@suezuni.edu.eg,98765432136264,Dr. Mohamed  Ali Atia,????,09-Jul-98,1111124,??????,??????,????,???????? ?????? -2016,Address136,?????,????????? ?????????,????,,,-------------------,??? ?????
???? ????? ???? ????,????,????,161016,d.mamdouh_fci16@suezuni.edu.eg,98765432136265,Dr. Mohamed  Ali Atia,????,10-Jul-98,1111125,??????,??????,????,???????? ?????? -2016,Address137,?????,???? ??????,????,,,-------------------,??? ?????
??????? ????? ??????? ????????,???,????,161017,i.metawea_fci16@suezuni.edu.eg,98765432136266,Dr. Mohamed  Ali Atia,????,11-Jul-98,1111126,??????,??????,????,???????? ?????? -2016,Address138,?????,???? ??????,????,,,??? ???? ??????? ???????,????
????????? ????? ???? ????,???,????,161018,a.mostafa_fci16@suezuni.edu.eg,98765432136267,Dr. Mohamed  Ali Atia,????,12-Jul-98,1111127,??????,????????,????,???????? ?????? -2016,Address139,?????,???? ??????,????,,,??? ???? ??????? ???????,????
???? ??????? ???? ???? ??????? ,???,????,161020,m.elzanati_fci16@suezuni.edu.eg,98765432136268,Dr.Wael Mohammed Fawaz,????,13-Jul-98,1111128,??????????,??????????,????,???????? ?????? -2016,Address140,?????,???? ??????,????,,,???? ??? 28,?? ????
???? ???? ?????? ??????? ????,???,????,161021,w.ahmed_fci16@suezuni.edu.eg,98765432136269,Dr.Wael Mohammed Fawaz,????,14-Jul-98,1111129,?????,?????,????,???????? ?????? -2016,Address141,?????,???? ??????,????,,,??? ???? ??????? ???????,????
???? ??? ????????? ???????,???,????,161022,h.ali_fci161@suezuni.edu.eg,98765432136270,Dr.Wael Mohammed Fawaz,????,15-Jul-98,1111130,??????,??????,????,???????? ?????? -2016,Address142,?????,????????? ?????????,????,,,???? ??? 28,?? ????
????? ???? ???? ????,????,????,161023,a.naser_fci161@suezuni.edu.eg,98765432136271,Dr.Wael Mohammed Fawaz,????,16-Jul-98,1111131,??????,??????,????,???????? ?????? -2016,Address143,?????,????????? ?????????,????,,,-------------------,??? ?????
???? ???? ??? ???,????,????,161024,a.youssif_fci16@suezuni.edu.eg,98765432136272,Dr.Wael Mohammed Fawaz,????,17-Jul-98,1111132,,??????,????,???????? ?????? -2016,Address144,?????,????????? ?????????,????,,,-------------------,??? ?????
????????? ???? ????? ????,???,????,161025,a.ghareb_fci16@suezuni.edu.eg,98765432136273,Dr.Wael Mohammed Fawaz,????,18-Jul-98,1111133,??????,??????,????,???????? ?????? -2016,Address145,?????,???? ??????,????,,,???? ??? 28,?? ????
???? ??? ????? ???????,????,????,161026,d.ragab_fci16@suezuni.edu.eg,98765432136274,Dr.Hussein Mohammed Sharaf,????,19-Jul-98,1111134,??????,??????,????,???????? ?????? -2016,Address146,?????,???? ??????,????,,,-------------------,??? ?????
????? ??? ???? ????,???,????,161028,i.gad_fci16@suezuni.edu.eg,98765432136275,Dr.Hussein Mohammed Sharaf,????,20-Jul-98,1111135,??????,???????,????,???????? ?????? -2016,Address147,?????,???? ??????,????,,,??? ???? ??????? ???????,????
????? ???? ??? ?????,???,????,161081,i.mohamed_fci16@suezuni.edu.eg,98765432136276,Dr.Hussein Mohammed Sharaf,????,21-Jul-98,1111136,??????,??????,????,???????? ?????? -2016,Address148,?????,???? ??????,????,,,??? ???? ??????? ???????,????
???? ???? ????? ????,???,????,161031,a.hamdy.fci_16@suezuni.edu.eg,98765432136277,Dr.Hussein Mohammed Sharaf,????,22-Jul-98,1111137,??????,???,????,???????? ?????? -2016,Address149,?????,????????? ?????????,????,,,??? ???? ??????? ???????,????
??? ???? ???? ????,???,????,161032,o.hamdy_fci16@suezuni.edu.eg,98765432136278,Dr.Hussein Mohammed Sharaf,????,23-Jul-98,1111138,????? ??????,??????,????,???????? ?????? -2016,Address150,?????,????????? ?????????,????,,,??? ???? ??????? ???????,????
???? ???? ?? ??? ????? ????,????,????,161033,l.fatouh_fci16@suezuni.edu.eg,98765432136279,Dr. Fayza Ahmed Elsayed,????,24-Jul-98,1111139,??????,??????,????,???????? ?????? -2016,Address151,?????,???? ??????,????,,,-------------------,??? ?????
???? ???? ????????? ?????,???,????,161034,h.ahmed_fci16@suezuni.edu.eg,98765432136280,Dr. Fayza Ahmed Elsayed,????,25-Jul-98,1111140,??????,??????,????,???????? ?????? -2016,Address152,?????,????????? ?????????,????,,,??? ???? ??????? ???????,????
??? ???? ??????? ????,????,????,161035,n.mohamed_fci161@suezuni.edu.eg,98765432136281,Dr. Fayza Ahmed Elsayed,????,26-Jul-98,1111141,,??????,????,???????? ?????? -2016,Address153,?????,????????? ?????????,????,,,-------------------,??? ?????
???? ???? ??????? ????? ????,???,????,161036,m.fathy_fci161@suezuni.edu.eg,98765432136282,Dr. Fayza Ahmed Elsayed,????,27-Jul-98,1111142,????? ??????,????? ??????,????,???????? ?????? -2016,Address154,?????,????????? ?????????,????,,,??? ???? ??????? ???????,????
????????? ??????? ????? ??????,???,???????,161037,a.elrahman_fci16@suezuni.edu.eg,98765432136283,Dr. Fayza Ahmed Elsayed,????,28-Jul-98,1111143,????????,????????,????,???????? ?????? -2016,Address155,?????,???? ??????,????,???? ??????,,??? ???? ??????? ???????,????
????? ??? ???? ???,???,????,161039,m.sayed_fci16@suezuni.edu.eg,98765432136284,Dr. Fayza Ahmed Elsayed,????,29-Jul-98,1111144,??????,??????,????,???????? ?????? -2016,Address156,?????,???? ??????,????,,,??? ???? ??????? ???????,????
???? ???? ????????? ???,???,????,161040,a.mohamed_fci16@suezuni.edu.eg,98765432136285,Dr. Samah Ahmed Zaki,????,30-Jul-98,1111145,????? ??????,????? ??????,????,???????? ?????? -2016,Address157,?????,???? ??????,????,,,???? ??? 28,?? ????
???? ???? ???? ????,????,????,161041,a.ghareb_fci161@suezuni.edu.eg,98765432136286,Dr. Samah Ahmed Zaki,????,31-Jul-98,1111146,??????,??????,????,???????? ?????? -2016,Address158,?????,????????? ?????????,????,,,-------------------,??? ?????
????? ???? ???? ???? ??? ?????,????,????,161042,e.mohamed_fci16@suezuni.edu.eg,98765432136287,Dr. Samah Ahmed Zaki,????,01-Aug-98,1111147,??????,??????,????,???????? ?????? -2016,Address159,?????,????????? ?????????,????,,,-------------------,??? ?????
??? ???? ???? ??? ????,????,????,161043,m.mohamed_fci16@suezuni.edu.eg,98765432136288,Dr. Samah Ahmed Zaki,????,02-Aug-98,1111148,??????,??????,????,???????? ?????? -2016,Address160,?????,????????? ?????????,????,,,-------------------,??? ?????
????? ???? ????? ???,???,???????,161044,m.ahmed_fci16@suezuni.edu.eg,98765432136289,Dr. Samah Ahmed Zaki,????,03-Aug-98,1111149,????????,????????,????,???????? ?????? -2016,Address161,???,???? ??????,????,???? ??????,,??? ???? ??????? ???????,????
???? ????????? ??? ???,????,????,161045,s.abdelnaser_fci16@suezuni.edu.eg,98765432136290,Dr. Samah Ahmed Zaki,????,04-Aug-98,1111150,??????,??????,????,???????? ?????? -2016,Address162,?????,???? ??????,????,,,-------------------,??? ?????
???? ???? ???? ????,????,????,161047,n.mohamed_fci16@suezuni.edu.eg,98765432136291,Dr.Haitham Farook Abd Elfattah,????,05-Aug-98,1111151,??????,??????,????,???????? ?????? -2016,Address163,?????,???? ??????,????,,,-------------------,??? ?????
???? ???? ????? ???? ?????,???,????,161049,a.mohamed_fci161@suezuni.edu.eg,98765432136292,Dr.Haitham Farook Abd Elfattah,????,06-Aug-98,1111152,????????,????????,????,???????? ?????? -2016,Address164,???,???? ??????,????,,,??? ???? ??????? ???????,????
??? ???? ???? ?????,????,????,161052,A.fouad_fci16@suezuni.edu.eg,98765432136293,Dr.Haitham Farook Abd Elfattah,????,07-Aug-98,1111153,??????,??????,????,????????? ?? ????????? ??????? (??????)- ???? ??????? - ????? ??????,Address165,?????,???? ??????,????,,,-------------------,??? ?????
????? ???? ???? ????,????,???????,171001,ehsan.Mohammedfci2017@suezuni.edu.eg,98765432136294,Dr.Yasser Fouaad Ramadan,????,08-Aug-98,1111154,??????,??????,????,???????? ??????-2017,Address166,?????,???? ??????,????,???? ??????,,-------------------,??? ?????
???? ???? ???? ???? ????,???,???????,171002,Ahmed.Khamisfci2017@suezuni.edu.eg,98765432136295,Dr.Yasser Fouaad Ramadan,????,09-Aug-98,1111155,??????,??????????,????,???????? ?????? -2017,Address167,?????,????????? ?????????,????,????????? ?????????,,??? ???? ??????? ???????,????
??? ????? ????? ?????,????,???????,171004,Amal.Ehabfci2017@suezuni.edu.eg,98765432136296,Dr.Yasser Fouaad Ramadan,????,10-Aug-98,1111156,??????,??????,????,???????? ?????? -2017,Address168,?????,???? ??????,????,???? ??????,,-------------------,??? ?????
???? ??? ????????? ????,???,???????,171005,Ayman.Nasrfci2017@suezuni.edu.eg,98765432136297,Dr.Yasser Fouaad Ramadan,????,11-Aug-98,1111157,??????,??????,????,???????? ?????? -2017,Address169,?????,???? ??????,????,???? ??????,,-------------------,??? ?????
??? ???? ???? ????,????,???????,171006,Aya.Hamidfci2017@suezuni.edu.eg,98765432136298,Dr. Mohamed  Ali Atia,????,12-Aug-98,1111158,??????,??????,????,???????? ?????? -2017,Address170,?????,???? ??????,????,???? ??????,,-------------------,??? ?????
????????? ???? ??? ????,???,???????,171007,AbdulRahman.rubyfci2017@suezuni.edu.eg,98765432136299,Dr. Mohamed  Ali Atia,????,13-Aug-98,1111159,??????,??????,????,???????? ?????? -2017,Address171,?????,????????? ?????????,????,????????? ?????????,,??? ???? ??????? ???????,????
???? ???? ????? ????? ?????,???,???????,171009,Mohamed.Hatemfci2017@suezuni.edu.eg,98765432136300,Dr. Mohamed  Ali Atia,????,14-Aug-98,1111160,??????,??????,????,???????? ?????? -2017,Address172,?????,????????? ?????????,????,????????? ?????????,,??? ???? ??????? ???????,????
???? ???? ???? ???,???,???????,171010,Mohamed.Adelfci2017@suezuni.edu.eg,98765432136301,Dr. Mohamed  Ali Atia,????,15-Aug-98,1111161,??????,??????,????,???????? ?????? -2017,Address173,?????,????????_???,????,,,??? ???? ??????? ???????,????
???? ???? ???? ???,???,???????,171011,Yousuf.Samifci2017@suezuni.edu.eg,98765432136302,Dr.Wael Mohammed Fawaz,????,16-Aug-98,1111162,??????,??????,????,???????? ?????? -2017,Address174,?????,???? ??????,????,???? ??????,,??? ???? ??????? ???????,????
?????? ???? ????????? ?????,????,???????,171012,Yasmin.Adelfci2017@suezuni.edu.eg,98765432136303,Dr.Wael Mohammed Fawaz,????,17-Aug-98,1111163,??????,??????,????,???????? ?????? -2017,Address175,?????,????????? ?????????,????,????????? ?????????,,??? ???? ??????? ???????,????
???? ???? ???????? ???,???,???????,171013,Mohamed.Ahmedfci2017@suezuni.edu.eg,98765432136304,Dr.Wael Mohammed Fawaz,????,18-Aug-98,1111164,??????,??????,????,???????? ?????? -2017,Address176,?????,????????_???,????,,,??? ???? ??????? ???????,????
????? ????? ?????? ?????,????,???????,171014,Israa.Mahmoudfci2017@suezuni.edu.eg,98765432136305,Dr.Wael Mohammed Fawaz,????,19-Aug-98,1111165,??????,??????,????,???????? ?????? -2017,Address177,?????,????????? ?????????,????,????????? ?????????,,-------------------,??? ?????
????????? ???? ???? ???? ????,???,???????,171015,Abdulrahman.Mohammedfci2017@suezuni.edu.eg,98765432136306,Dr.Wael Mohammed Fawaz,????,20-Aug-98,1111166,??????,??????,????,???????? ?????? -2017,Address178,?????,????????_???,????,,,-------------------,??? ?????
???? ????? ?????????? ?????????,????,???????,171016,Manal.Mahmoudfci2017@suezuni.edu.eg,98765432136307,Dr.Hussein Mohammed Sharaf,????,21-Aug-98,1111167,??????,??????,????,???????? ?????? -2017,Address179,?????,????????? ?????????,????,????????? ?????????,,-------------------,??? ?????
???? ??? ????? ???? ???????,???,???????,171017,Mohamed.Abolhassanfci2017@suezuni.edu.eg,98765432136308,Dr.Hussein Mohammed Sharaf,????,22-Aug-98,1111168,??????,??????,????,???????? ?????? -2017,Address180,?????,????????? ?????????,????,????????? ?????????,,-------------------,??? ?????
??? ???? ??? ?????????,???,???????,171018,Ali.shemifci2017@suezuni.edu.eg,98765432136309,Dr.Hussein Mohammed Sharaf,????,23-Aug-98,1111169,??????,??????,????,???????? ?????? -2017,Address181,?????,????????? ?????????,????,????????? ?????????,,-------------------,??? ?????
???? ?????? ???? ????,???,???????,171019,Karim.elamirfci2017@suezuni.edu.eg,98765432136310,Dr.Hussein Mohammed Sharaf,????,24-Aug-98,1111170,??????,??????,????,???????? ?????? -2017,Address182,?????,???? ??????,????,???? ??????,,-------------------,??? ?????
????? ???? ???? ????,????,???????,171020,Omnia.Ashraffci2017@suezuni.edu.eg,98765432136311,Dr.Hussein Mohammed Sharaf,????,25-Aug-98,1111171,??????,??????,????,???????? ?????? -2017,Address183,?????,????????_???,????,,,-------------------,??? ?????
???? ???? ??? ???? ?????,???,???????,171022,Mohammed.Khaledfci2017@suezuni.edu.eg,98765432136312,Dr. Fayza Ahmed Elsayed,????,26-Aug-98,1111172,??????,??????,????,???????? ?????? -2017,Address184,?????,????????? ?????????,????,????????? ?????????,,-------------------,??? ?????
????? ????? ?????,???,???????,171023,Mahmoud.Mustafafci2017@suezuni.edu.eg,98765432136313,Dr. Fayza Ahmed Elsayed,????,27-Aug-98,1111173,??????,??????,????,???????? ?????? -2017,Address185,?????,????????? ?????????,????,????????? ?????????,,-------------------,??? ?????
??? ???? ???? ???????,???,???????,171025,Omar.Mohamedfci2017@suezuni.edu.eg,98765432136314,Dr. Fayza Ahmed Elsayed,????,28-Aug-98,1111174,??????,??????,????,???????? ?????? -2017,Address186,?????,???? ??????,????,???? ??????,,-------------------,??? ?????
??? ??? ???? ??????,????,???????,171026,Nada.Nasrfci2017@suezuni.edu.eg,98765432136315,Dr. Samah Ahmed Zaki,????,29-Aug-98,1111175,??????,??????,????,???????? ?????? 2017,Address187,?????,????????_???,????,????????_???,,-------------------,??? ?????
????? ???? ????? ????????? ????,????,???????,171028,Eman.emadeldinfci2017@suezuni.edu.eg,98765432136316,Dr. Samah Ahmed Zaki,????,30-Aug-98,1111176,??????,??????,????,???????? ?????? 2017,Address188,?????,????????? ?????????,????,????????? ?????????,,-------------------,??? ?????
????? ????? ????? ?????,????,???????,171029,Tasneem.barbarifci2017@suezuni.edu.eg,98765432136317,Dr. Samah Ahmed Zaki,????,31-Aug-98,1111177,??????,??????,????,???????? ?????? 2017,Address189,?????,???? ??????,????,???? ??????,,-------------------,??? ?????
???? ???? ???? ????,???,???????,171081,Mohamed.Mohsenfci2017@suezuni.edu.eg,98765432136318,Dr. Samah Ahmed Zaki,????,01-Sep-98,1111178,????? ??????,????? ??????,????,???????? ?????? 2017,Address190,?????,????????_???,????,,,-------------------,??? ?????
???? ???? ???? ???? ?????,????,???????,171032,Maryam.Sabrifci2017@suezuni.edu.eg,98765432136319,Dr.Haitham Farook Abd Elfattah,????,02-Sep-98,1111179,?????,?????,????,???????? ?????? 2017,Address191,?????,???? ??????,????,???? ??????,,-------------------,??? ?????
???? ??????? ??????? ??????? ?????,???,???????,171033,Sameh.Metwallyfci2017@suezuni.edu.eg,98765432136320,Dr.Haitham Farook Abd Elfattah,????,03-Sep-98,1111180,?????,?????,????,???????? ?????? 2017,Address192,?????,????????_???,????,,,-------------------,??? ?????
?????? ???? ????? ???????,???,???????,171035,Soliman.Mohammedfci2017@suezuni.edu.eg,98765432136321,Dr.Haitham Farook Abd Elfattah,????,04-Sep-98,1111181,??????,??????,????,???????? ?????? 2017,Address193,?????,????????? ?????????,????,????????? ?????????,,-------------------,??? ?????
???? ???? ????? ????,???,???????,171037,Ahmed.Mohamedfci2017@suezuni.edu.eg,98765432136322,Dr.Haitham Farook Abd Elfattah,????,05-Sep-98,1111182,???????,???????,????,???????? ?????? -2017,Address194,?????,????????_???,????,,,-------------------,??? ?????
?????? ???? ???? ?????,????,???????,171038,Norhan.Rashadfci2017@suezuni.edu.eg,98765432136323,Dr.Haitham Farook Abd Elfattah,????,06-Sep-98,1111183,????,???????,????,???????? ?????? (????? ??????)2017,Address195,?????,????????_???,????,????????_???,,-------------------,??? ?????
????? ??? ???? ?????,????,???????,181001,Ahlam.RMEl@fci.suezuni.edu.eg,98765432136324,Dr.Yasser Fouaad Ramadan,????,07-Sep-98,1111184,??????,??????,????,???????? ?????? 2018,Address196,?????,????????_???,????,????????_???,,-------------------,??? ?????
???? ???? ????? ????,???,???????,181002,Ahmed.ASD@fci.suezuni.edu.eg,98765432136325,Dr.Yasser Fouaad Ramadan,????,08-Sep-98,1111185,??????,??????,????,???????? ?????? 2018,Address197,?????,????????_???,????,????????_???,,-------------------,??? ?????
???? ???? ???? ????,???,???????,181003,181003@suezuni.edu.eg,98765432136326,Dr. Samah Ahmed Zaki,????,09-Sep-98,1111186,??????,??????,????,???????? ?????? 2018,Address198,?????,????????_???,????,????????_???,,-------------------,??? ?????
???? ??? ????? ???? ???????,???,???????,181004,181004@suezuni.edu.eg,98765432136327,Dr.Yasser Fouaad Ramadan,????,10-Sep-98,1111187,??????,??????,????,???????? ?????? 2018,Address199,?????,????????_???,????,????????_???,,-------------------,??? ?????
???? ???? ???? ???????,???,???????,181005,Ahmed.MAEl@fci.suezuni.edu.eg,98765432136328,Dr.Wael Mohammed Fawaz,????,11-Sep-98,1111188,????? ??????,???????,????,???????? ?????? 2017,Address200,?????,????????_???,????,????????_???,,-------------------,??? ?????
???? ????? ???? ????,???,???????,181006,Ahmed.MAYa@fci.suezuni.edu.eg,98765432136329,Dr.Yasser Fouaad Ramadan,????,12-Sep-98,1111189,??????,??????,????,???????? ?????? 2018,Address201,?????,????????_???,????,????????_???,,-------------------,??? ?????
???? ???? ??? ?????,????,???????,181007,Basma.AAAh@fci.suezuni.edu.eg,98765432136330,Dr.Yasser Fouaad Ramadan,????,13-Sep-98,1111190,??????,??????,????,???????? ?????? 2018,Address202,?????,????????_???,????,????????_???,,-------------------,??? ?????
???? ??? ???? ??? ???,???,???????,181008,Hussein.KHHa@fci.suezuni.edu.eg,98765432136331,Dr.Yasser Fouaad Ramadan,????,14-Sep-98,1111191,??????,??????,????,???????? ?????? 2018,Address203,?????,????????_???,????,????????_???,,-------------------,??? ?????
????? ?????? ??? ????,????,???????,181009,Rowida.ARDa@fci.suezuni.edu.eg,98765432136332,Dr. Fayza Ahmed Elsayed,????,15-Sep-98,1111192,??????,??????,????,???????? ?????? 2018,Address204,?????,????????_???,????,????????_???,,-------------------,??? ?????
???? ???? ???? ???? ????,????,???????,181010,Sara.YMRe@fci.suezuni.edu.eg,98765432136333,Dr. Fayza Ahmed Elsayed,????,16-Sep-98,1111193,??????,??????,????,???????? ?????? 2018,Address205,?????,????????_???,????,????????_???,,-------------------,??? ?????
????? ??? ????? ????????? ????,????,???????,181011,Shimaa.AAMo@fci.suezuni.edu.eg,98765432136334,Dr. Fayza Ahmed Elsayed,????,17-Sep-98,1111194,??????,??????,????,???????? ?????? 2018,Address206,?????,????????_???,????,????????_???,,-------------------,??? ?????
??? ?????? ???? ???? ?????,???,???????,181012,181012@suezuni.edu.eg,98765432136335,Dr. Fayza Ahmed Elsayed,????,18-Sep-98,1111195,????,??????,????,???????? ?????? 2018,Address207,?????,????????_???,????,????????_???,,-------------------,??? ?????
??? ?????? ????? ???? ???,???,???????,181013,Abdelrahman.AMM@fci.suezuni.edu.eg,98765432136336,Dr. Fayza Ahmed Elsayed,????,19-Sep-98,1111196,??????,??????,????,???????? ?????? 2018,Address208,?????,????????_???,????,????????_???,,-------------------,??? ?????
??? ???? ???? ????? ?????,???,???????,181014,Abdallah.AEHa@fci.suezuni.edu.eg,98765432136337,Dr.Wael Mohammed Fawaz,????,20-Sep-98,1111197,??????,??????,????,???????? ?????? 2018,Address209,?????,????????_???,????,????????_???,,-------------------,??? ?????
??????? ???? ???? ??? ??????,???,???????,181015,181015@suezuni.edu.eg,98765432136338,Dr.Wael Mohammed Fawaz,????,21-Sep-98,1111198,??????,??????,????,???????? ?????? 2018,Address210,?????,????????_???,????,????????_???,,-------------------,??? ?????
??? ????? ???? ????,???,???????,181016,Omar.MAMo@fci.suezuni.edu.eg,98765432136339,Dr.Wael Mohammed Fawaz,????,22-Sep-98,1111199,??????,??????,????,???????? ?????? 2018,Address211,?????,????????_???,????,????????_???,,-------------------,??? ?????
???? ??? ????? ?????,???,???????,181017,Amr.SMfr@fci.suezuni.edu.eg,98765432136340,Dr.Wael Mohammed Fawaz,????,23-Sep-98,1111200,??????,??????,????,???????? ?????? 2018,Address212,?????,????????_???,????,????????_???,,-------------------,??? ?????
???? ???? ??? ??? ?????,???,???????,181018,Amr.AMA@fci.suezuni.edu.eg,98765432136341,Dr.Wael Mohammed Fawaz,????,24-Sep-98,1111201,??????,??????,????,???????? ?????? 2018,Address213,?????,????????_???,????,????????_???,,-------------------,??? ?????
???? ???? ???? ????,???,??????,181019,181019@suezuni.edu.eg,98765432136342,Dr.Hussein Mohammed Sharaf,????,25-Sep-98,1111202,??????,??????,????,???????? ?????? 2018,Address214,?????,????????_???,????,????????_???,,-------------------,??? ?????
???? ???? ??? ???,???,???????,181020,Fady.NRGa@fci.suezuni.edu.eg,98765432136343,Dr.Hussein Mohammed Sharaf,????,26-Sep-98,1111203,??????,??????,?????,???????? ?????? 2018,Address215,?????,????????_???,????,????????_???,,-------------------,??? ?????
????? ??????? ???? ????? ????,????,???????,181021,fatmaalzahraa.ghmo@fci.suezuni.edu.eg,98765432136344,Dr.Hussein Mohammed Sharaf,????,27-Sep-98,1111204,??????,??????,????,???????? ?????? 2018,Address216,?????,????????_???,????,????????_???,,-------------------,??? ?????
????? ??? ???? ?????,????,???????,181022,Fatma.RMEl@fci.suezuni.edu.eg,98765432136345,Dr.Hussein Mohammed Sharaf,????,28-Sep-98,1111205,??????,??????,????,???????? ?????? 2018,Address217,?????,????????_???,????,????????_???,,-------------------,??? ?????
????? ??? ???? ????,????,???????,181023,Fatma.EMMo@fci.suezuni.edu.eg,98765432136346,Dr.Hussein Mohammed Sharaf,????,29-Sep-98,1111206,??????,??????,????,???????? ?????? 2018,Address218,?????,????????_???,????,????????_???,,-------------------,??? ?????
???? ????? ??? ?????? ??? ??????,???,???????,181024,Kareem.HAAb@fci.suezuni.edu.eg,98765432136347,Dr. Mohamed  Ali Atia,????,30-Sep-98,1111207,????? ??????,????? ??????,????,???????? ?????? 2018,Address219,?????,????????_???,????,????????_???,,-------------------,??? ?????
???? ???? ???? ????,????,???????,181025,Kawther.KAS@fci.suezuni.edu.eg,98765432136348,Dr. Mohamed  Ali Atia,????,01-Oct-98,1111208,??????,??????,????,???????? ?????? 2018,Address220,?????,????????_???,????,????????_???,,-------------------,??? ?????
???? ??? ?????? ?????? ???,???,???????,181026,Mohamed.AIOm@fci.suezuni.edu.eg,98765432136349,Dr. Mohamed  Ali Atia,????,02-Oct-98,1111209,??????,??????,????,???????? ?????? 2018,Address221,?????,????????_???,????,????????_???,,-------------------,??? ?????
???? ??? ???? ??? ???????,???,???????,181027,Mohamed.ASAb@fci.suezuni.edu.eg,98765432136350,Dr. Mohamed  Ali Atia,????,03-Oct-98,1111210,??????,??????,????,???????? ??????,Address222,?????,????????_???,????,????????_???,,-------------------,??? ?????
????? ????? ???? ????,???,???????,181029,Mahmoud.RMHa@fci.suezuni.edu.eg,98765432136351,Dr. Samah Ahmed Zaki,????,04-Oct-98,1111211,???? ?????,????????,????,???????? ?????? 2018,Address223,?????,????????_???,????,????????_???,,-------------------,??? ?????
???? ??? ??? ????? ??? ?????,????,???????,181081,Maram.KAAb@fci.suezuni.edu.eg,98765432136352,Dr. Samah Ahmed Zaki,????,05-Oct-98,1111212,??????,??????,????,???????? ?????? 2018,Address224,?????,????????_???,????,????????_???,,-------------------,??? ?????
???? ???? ??? ????,????,???????,181031,181031@suezuni.edu.eg,98765432136353,Dr. Samah Ahmed Zaki,????,06-Oct-98,1111213,??????,??????,????,???????? ?????? 2018,Address225,?????,????????_???,????,????????_???,,-------------------,??? ?????
???? ???? ???? ?????,????,???????,181032,Maryam.NMSh@fci.suezuni.edu.eg,98765432136354,Dr. Samah Ahmed Zaki,????,07-Oct-98,1111214,??????,??????,????,???????? ?????? 2018,Address226,?????,????????_???,????,????????_???,,-------------------,??? ?????
????? ???? ???? ??? ????,???,???????,181033,Mostafa.AGGa@fci.suezuni.edu.eg,98765432136355,Dr. Samah Ahmed Zaki,????,08-Oct-98,1111215,??????,??????,????,???????? ?????? 2018,Address227,?????,????????_???,????,????????_???,,-------------------,??? ?????
????? ??? ??? ????? ?????,???,???????,181034,Mostafa.SNFa@fci.suezuni.edu.eg,98765432136356,Dr.Haitham Farook Abd Elfattah,????,09-Oct-98,1111216,??????,??????,????,???????? ?????? 2018,Address228,?????,????????_???,????,????????_???,,-------------------,??? ?????
????? ??? ????? ????? ????,???,??????,181035,181035@suezuni.edu.eg,98765432136357,Dr.Haitham Farook Abd Elfattah,????,10-Oct-98,1111217,??? ?????,????,????,???????? ?????? 2018,Address229,?????,????????_???,????,????????_???,,-------------------,??? ?????
???? ????? ??????? ?????,????,???????,181036,Manar.MSE@fci.suezuni.edu.eg,98765432136358,Dr.Haitham Farook Abd Elfattah,????,11-Oct-98,1111218,????????,????????,????,???????? ?????? 2018,Address230,?????,????????_???,????,????????_???,,-------------------,??? ?????
??? ???? ???? ????? ???????,????,???????,181037,MennatAllah.MSEs@fci.suezuni.edu.eg,98765432136359,Dr.Haitham Farook Abd Elfattah,????,12-Oct-98,1111219,??????,??????,????,???????? ?????? 2018,Address231,?????,????????_???,????,????????_???,,-------------------,??? ?????
?????? ???? ???? ?????,????,???????,181038,Nourhan.MAEl@fci.suezuni.edu.eg,98765432136360,Dr.Haitham Farook Abd Elfattah,????,13-Oct-98,1111220,????????,????????,????,???????? ?????? 2018,Address232,?????,????????_???,????,????????_???,,-------------------,??? ?????
???? ??? ???? ??? ??????,????,???????,181039,Yomna.AMAb@fci.suezuni.edu.eg,98765432136361,Dr. Mohamed  Ali Atia,????,14-Oct-98,1111221,??????,??????,????,???????? ?????? 2018,Address233,?????,????????_???,????,????????_???,,-------------------,??? ?????
???? ???? ????? ????,???,???????,181040,Youssef.YAE@fci.suezuni.edu.eg,98765432136362,Dr.Hussein Mohammed Sharaf,????,15-Oct-98,1111222,???? ?????,???????,????,???????? ?????? 2018,Address234,?????,????????_???,????,????????_???,,-------------------,??? ?????
???? ????? ???? ??????? ??? ?????,???,???????,181041,181041@suezuni.edu.eg,98765432136363,Dr.Haitham Farook Abd Elfattah,????,16-Oct-98,1111223,?????? ??????,???????,????,????? ??????2018,Address235,?????,????????_???,????,????????_???,,-------------------,??? ?????
???? ???? ???? ???????,???,???????,181042,181042@suezuni.edu.eg,98765432136364,Dr.Haitham Farook Abd Elfattah,????,17-Oct-98,1111224,???????,??? ????,?????,???????? ?????? 2018,Address236,?????,????????_???,????,????????_???,,-------------------,??? ?????
??????? ????? ??? ?????? ???????,???,??????_2019,191001,Ibrahim.EASe@fci.suezuni.edu.eg,98765432136365,Dr.Yasser Fouaad Ramadan,????,18-Oct-98,1111225,????????,??????,????,???????? ?????? 2019,Address237,?????,??????_???_2019,????,????????_???,,-------------------,??? ?????
???? ??? ????? ????,???,??????_2019,191002,Ahmed.HMBe@fci.suezuni.edu.eg,98765432136366,Dr.Yasser Fouaad Ramadan,????,19-Oct-98,1111226,?????,??????,????,???????? ?????? 2019,Address238,?????,??????_???_2019,????,,,-------------------,??? ?????
???? ???? ???? ???????,???,??????_2019,191003,Ahmed.AMIb@fci.suezuni.edu.eg,98765432136367,Dr.Yasser Fouaad Ramadan,????,20-Oct-98,1111227,,??????,????,???????? ????? 2019,Address239,?????,??????_???_2019,????,????????_???,,-------------------,??? ?????
???? ??? ???? ???,???,??????_2019,191004,Ahmed.AKAl@fci.suezuni.edu.eg,98765432136368,Dr.Yasser Fouaad Ramadan,????,21-Oct-98,1111228,??????,??????,????,???????? ?????? 2019,Address240,?????,??????_???_2019,????,????????_???,,-------------------,??? ?????
????? ???? ??? ????,????,??????_2019,191006,Esraa.MOAh@fci.suezuni.edu.eg,98765432136369,Dr.Yasser Fouaad Ramadan,????,22-Oct-98,1111229,????????,??????,????,???????? ?????? 2019,Address241,???,??????_???_2019,????,????????_???,,-------------------,??? ?????
????? ???? ??? ?????,???,??????_2019,191007,islam.iMA@fci.suezuni.edu.eg,98765432136370,Dr.Yasser Fouaad Ramadan,????,23-Oct-98,1111230,???????,??????,????,???????? ?????? 2019,Address242,?????,??????_???_2019,????,,,-------------------,??? ?????
???? ????? ???? ???? ?????,????,??????_2019,191008,Alaa.SFMo@fci.suezuni.edu.eg,98765432136371,Dr.Yasser Fouaad Ramadan,????,24-Oct-98,1111231,??????,??????,????,???????? ?????? 2019,Address243,?????,??????_???_2019,????,????????_???,,-------------------,??? ?????
???? ???? ????? ????? ????,????,??????_2019,191009,alaa.asm@fci.suezuni.edu.eg,98765432136372,Dr.Hussein Mohammed Sharaf,????,25-Oct-98,1111232,??????,??????,????,???????? 2019,Address244,?????,??????_???_2019,????,????????_???,,-------------------,??? ?????
????? ???? ??? ?????? ?????,????,??????_2019,191010,Eman.KAMu@fci.suezuni.edu.eg,98765432136373,Dr.Hussein Mohammed Sharaf,????,26-Oct-98,1111233,???????,??????,????,???????? ??????,Address245,?????,??????_???_2019,????,????????_???,,-------------------,??? ?????
??????? ?? ???? ??? ?????? ?? ????,???,??????_2019,191011,ibrahem.hael@fci.suezuni.edu.eg,98765432136374,Dr.Hussein Mohammed Sharaf,????,27-Oct-98,1111234,???????,???????,????,???????? ?????? 2019,Address246,?????,??????_???_2019,????,,,-------------------,??? ?????
???? ???? ??? ????? ?????,???,??????_2019,191012,191012@suezuni.edu.eg,98765432136375,Dr.Hussein Mohammed Sharaf,????,28-Oct-98,1111235,??????,??????,????,???????? ?????? 2019,Address247,?????,??????_???_2019,????,,,-------------------,??? ?????
??? ???? ???? ?????,????,??????_2019,191013,Toka.MAMo@fci.suezuni.edu.eg,98765432136376,Dr.Hussein Mohammed Sharaf,????,29-Oct-98,1111236,??????,??????,????,???????? ?????? 2019,Address248,?????,??????_???_2019,????,????????_???,,-------------------,??? ?????
???? ??? ???? ????,???,??????_2019,191014,Hazem.HRM@fci.suezuni.edu.eg,98765432136377,Dr.Hussein Mohammed Sharaf,????,30-Oct-98,1111237,????????,??????,????,???????? ?????? 2019,Address249,?????,??????_???_2019,????,,,-------------------,??? ?????
???? ???? ???? ???,???,??????_2019,191015,Hussein.MHEl@fci.suezuni.edu.eg,98765432136378,Dr.Hussein Mohammed Sharaf,????,31-Oct-98,1111238,??????,??????,????,???????? ??????,Address250,?????,??????_???_2019,????,,,-------------------,??? ?????
???? ???? ????? ??? ????,????,??????_2019,191016,191016@suezuni.edu.eg,98765432136379,Dr.Hussein Mohammed Sharaf,????,01-Nov-98,1111239,??????,??????,????,???????? ?????? 2019,Address251,?????,??????_???_2019,????,????????_???,,-------------------,??? ?????
??? ??? ????? ???,????,??????_2019,191017,Reem.AMAl@fci.suezuni.edu.eg,98765432136380,Dr.Wael Mohammed Fawaz,????,02-Nov-98,1111240,???????,???,????,???????? ?????? 2019,Address252,?????,??????_???_2019,????,????????_???,,-------------------,??? ?????
???? ????? ???? ????,???,??????_2019,191018,191018@suezuni.edu.eg,98765432136381,Dr.Wael Mohammed Fawaz,????,03-Nov-98,1111241,??????,??????,????,???????? ????? 2019,Address253,?????,??????_???_2019,????,????????_???,,-------------------,??? ?????
??? ????? ???? ???? ????,???,??????_2019,191019,Sharaf-eldeen.AAHe@fci.suezuni.edu.eg,98765432136382,Dr.Wael Mohammed Fawaz,????,04-Nov-98,1111242,????,??????,????,???????? ?????? 2019,Address254,?????,??????_???_2019,????,????????_???,,-------------------,??? ?????
???? ???? ???? ????,???,??????_2019,191020,Salah.SAS@fci.suezuni.edu.eg,98765432136383,Dr.Wael Mohammed Fawaz,????,05-Nov-98,1111243,????????,??????,????,???????? ?????? 2019,Address255,?????,??????_???_2019,????,????????_???,,-------------------,??? ?????
????????? ???? ??? ???,???,??????_2019,191021,Abdulrhman.KHZa@fci.suezuni.edu.eg,98765432136384,Dr.Wael Mohammed Fawaz,????,06-Nov-98,1111244,??????,??????,????,???????? ?????? 2019,Address256,?????,??????_???_2019,????,????????_???,,-------------------,??? ?????
 ??? ?????? ??? ?????? ???? ???? ??? ?????,???,??????_2019,191022,AbdulRahman.AMAh@fci.suezuni.edu.eg,98765432136385,Dr.Wael Mohammed Fawaz,????,07-Nov-98,1111245,??????,??????,????,???????? ?????? 2019,Address257,?????,??????_???_2019,????,????????_???,,-------------------,??? ?????
??? ?????? ???? ??? ?????? ??? ????,???,??????_2019,191023,Abdulrhaman.MAGa@fci.suezuni.edu.eg,98765432136386,Dr.Wael Mohammed Fawaz,????,08-Nov-98,1111246,????????,??????,????,???????? ?????? 2019,Address258,?????,??????_???_2019,????,????????_???,,-------------------,??? ?????
??? ?????? ????? ???? ???????,???,??????_2019,191024,Abdelrahman.MSRy@fci.suezuni.edu.eg,98765432136387,Dr.Wael Mohammed Fawaz,????,09-Nov-98,1111247,????,??????,????,???????? ?????? 2019,Address259,?????,??????_???_2019,????,????????_???,,-------------------,??? ?????
??? ?????? ??? ???? ??? ??????,???,??????_2019,191025,Abdel-Rahman.AYA@fci.suezuni.edu.eg,98765432136388,Dr. Fayza Ahmed Elsayed,????,10-Nov-98,1111248,????? ??????,???????,????,???????? ?????? 2019,Address260,?????,??????_???_2019,????,,,-------------------,??? ?????
??? ????? ????? ???? ????,???,??????_2019,191026,Ali.AEG@fci.suezuni.edu.eg,98765432136389,Dr. Fayza Ahmed Elsayed,????,11-Nov-98,1111249,????,??????,????,???????? ?????? 2019,Address261,?????,??????_???_2019,????,????????_???,,-------------------,??? ?????
??? ???? ????? ????? ??? ?????,???,??????_2019,191027,Omar.KEMa@fci.suezuni.edu.eg,98765432136390,Dr. Fayza Ahmed Elsayed,????,12-Nov-98,1111250,????,??????,????,???????? ?????? 2019,Address262,?????,??????_???_2019,????,????????_???,,-------------------,??? ?????
??? ???? ????? ????? ??? ?????,???,??????_2019,191028,Omar.DMEl@fci.suezuni.edu.eg,98765432136391,Dr. Fayza Ahmed Elsayed,????,13-Nov-98,1111251,????????,??????,????,???????? ?????? 2019,Address263,?????,??????_???_2019,????,????????_???,,-------------------,??? ?????
????? ???? ????? ??? ??????,???,??????_2019,191029,farouk.mfab@fci.suezuni.edu.eg,98765432136392,Dr. Fayza Ahmed Elsayed,????,14-Nov-98,1111252,????,??????,????,???????? ?????? 2019,Address264,?????,??????_???_2019,????,????????_???,,-------------------,??? ?????
????? ???? ??????? ??????,????,??????_2019,191081,Fatma.WAEl@fci.suezuni.edu.eg,98765432136393,Dr. Fayza Ahmed Elsayed,????,15-Nov-98,1111253,????????,??????,????,???????? ?????? 2019,Address265,?????,??????_???_2019,????,????????_???,,-------------------,??? ?????
???? ???? ???? ????,???,??????_2019,191031,Fouad.MFFo@fci.suezuni.edu.eg,98765432136394,Dr. Fayza Ahmed Elsayed,????,16-Nov-98,1111254,????,??????,????,???????? ?????? 2019,Address266,?????,??????_???_2019,????,????????_???,,-------------------,??? ?????
???? ???? ????? ???? ????,???,??????_2019,191032,Karim.GMMo@fci.suezuni.edu.eg,98765432136395,Dr. Fayza Ahmed Elsayed,????,17-Nov-98,1111255,??????,??????,????,???????? ?????? 2019,Address267,?????,??????_???_2019,????,????????_???,,-------------------,??? ?????
???? ???? ??? ????? ??????,???,??????_2019,191033,191033@suezuni.edu.eg,98765432136396,Dr. Mohamed  Ali Atia,????,18-Nov-98,1111256,??????,??????,????,???????? ?????? 2019,Address268,?????,??????_???_2019,????,????????_???,,-------------------,??? ?????
????? ???? ???? ????,???,??????_2019,191034,Kerlos.THLo@fci.suezuni.edu.eg,98765432136397,Dr. Mohamed  Ali Atia,????,19-Nov-98,1111257,??????,??? ????? ???? ?????,?????,???????? ?????? 2019,Address269,?????,??????_???_2019,????,????????_???,,-------------------,??? ?????
???? ???? ???? ??? ????,???,??????_2019,191035,Mohammed.MAY@fci.suezuni.edu.eg,98765432136398,Dr. Mohamed  Ali Atia,????,20-Nov-98,1111258,????,??????,????,???????? ?????? 2019,Address270,?????,??????_???_2019,????,????????_???,,-------------------,??? ?????
???? ???? ???? ???????? ????,???,??????_2019,191036,mohammed.maa@fci.suezuni.edu.eg,98765432136399,Dr. Mohamed  Ali Atia,????,21-Nov-98,1111259,??????,??????,????,???????? ?????? 2019,Address271,?????,??????_???_2019,????,,,-------------------,??? ?????
???? ???? ???? ????,???,??????_2019,191037,191037@suezuni.edu.eg,98765432136400,Dr. Mohamed  Ali Atia,????,22-Nov-98,1111260,????,??????,????,???????? ?????? 2019,Address272,?????,??????_???_2019,????,????????_???,,-------------------,??? ?????
???? ???? ???? ???? ????,???,??????_2019,191038,Mohamed.MMMo@fci.suezuni.edu.eg,98765432136401,Dr. Mohamed  Ali Atia,????,23-Nov-98,1111261,????????,????????,????,???????? ?????? 2019,Address273,?????,??????_???_2019,????,????????_???,,-------------------,??? ?????
????? ???? ???? ??? ??? ????,???,??????_2019,191039,Mahmoud.AMAl@fci.suezuni.edu.eg,98765432136402,Dr. Mohamed  Ali Atia,????,24-Nov-98,1111262,????,??????,????,???????? ?????? 2019,Address274,?????,??????_???_2019,????,????????_???,,-------------------,??? ?????
????? ??? ??????????? ?????,???,??????_2019,191040,Mahmoud.MAM@fci.suezuni.edu.eg,98765432136403,Dr. Mohamed  Ali Atia,????,25-Nov-98,1111263,??? ??????,???????,????,???????? ?????? 2019,Address275,?????,??????_???_2019,????,????????_???,,-------------------,??? ?????
????? ???? ??? ???? ???????,???,??????_2019,191041,Mahmoud.MYS@fci.suezuni.edu.eg,98765432136404,Dr. Samah Ahmed Zaki,????,26-Nov-98,1111264,????????,??????,????,???????? ?????? 2019,Address276,?????,??????_???_2019,????,????????_???,,-------------------,??? ?????
???? ???? ???? ???? ????,????,??????_2019,191042,Mariam.HFMo@fci.suezuni.edu.eg,98765432136405,Dr. Samah Ahmed Zaki,????,27-Nov-98,1111265,??????,??????,????,???????? ?????? 2019,Address277,?????,??????_???_2019,????,????????_???,,-------------------,??? ?????
???? ???? ??? ?????? ??? ?????,????,??????_2019,191043,Mariam.MAAb@fci.suezuni.edu.eg,98765432136406,Dr. Samah Ahmed Zaki,????,28-Nov-98,1111266,????,????,????,???????? ?????? 2019,Address278,?????,??????_???_2019,????,????????_???,,-------------------,??? ?????
????? ????? ???? ?????,???,??????_2019,191044,Mostafa.MMOs@fci.suezuni.edu.eg,98765432136407,Dr. Samah Ahmed Zaki,????,29-Nov-98,1111267,????,??????,????,???????? ?????? 2019,Address279,?????,??????_???_2019,????,????????_???,,-------------------,??? ?????
???? ???? ??????? ????,????,??????_2019,191045,Manar.MIIb@fci.suezuni.edu.eg,98765432136408,Dr. Samah Ahmed Zaki,????,30-Nov-98,1111268,????????,??????,????,???????? ?????? 2019,Address280,?????,??????_???_2019,????,????????_???,,-------------------,??? ?????
??? ???? ?????? ???? ???????,????,??????_2019,191046,Mona.MEMo@fci.suezuni.edu.eg,98765432136409,Dr. Samah Ahmed Zaki,????,01-Dec-98,1111269,????????,??????,????,???????? ?????? 2019,Address281,?????,??????_???_2019,????,????????_???,,-------------------,??? ?????
???? ???? ???? ??? ??,???,??????_2019,191047,Mo'men.AMAl@fci.suezuni.edu.eg,98765432136410,Dr. Samah Ahmed Zaki,????,02-Dec-98,1111270,????,??????,????,???????? ?????? 2019,Address282,?????,??????_???_2019,????,????????_???,,-------------------,??? ?????
???? ??? ?????? ??? ???? ???????,???,??????_2019,191048,Momen.AHEl@fci.suezuni.edu.eg,98765432136411,Dr. Samah Ahmed Zaki,????,03-Dec-98,1111271,?????,??????,????,???????? ?????? 2019,Address283,?????,??????_???_2019,????,????????_???,,-------------------,??? ?????
?? ???? ???? ?????,????,??????_2019,191049,Mai.MAB@fci.suezuni.edu.eg,98765432136412,Dr.Haitham Farook Abd Elfattah,????,04-Dec-98,1111272,??????,??????,????,???????? ?????? 2019,Address284,?????,??????_???_2019,????,????????_???,,-------------------,??? ?????
?? ??? ??? ?????? ??? ??????,????,??????_2019,191050,Mai.SAAb@fci.suezuni.edu.eg,98765432136413,Dr.Haitham Farook Abd Elfattah,????,05-Dec-98,1111273,????????,??????,????,???????? ?????? 2019,Address285,?????,??????_???_2019,????,????????_???,,-------------------,??? ?????
????? ???? ????? ????? ????? ???,????,??????_2019,191051,191051@suezuni.edu.eg,98765432136414,Dr.Haitham Farook Abd Elfattah,????,06-Dec-98,1111274,??????,??????,????,???????? ?????? 2019,Address286,?????,??????_???_2019,????,????????_???,,-------------------,??? ?????
???? ??? ???? ???? ???,????,??????_2019,191052,Yara.AYMo@fci.suezuni.edu.eg,98765432136415,Dr.Haitham Farook Abd Elfattah,????,07-Dec-98,1111275,??????,??????,????,???????? ?????? 2019,Address287,?????,??????_???_2019,????,????????_???,,-------------------,??? ?????
?????? ???? ????? ??? ??????,????,??????_2019,191053,yasmeen.mbab@fci.suezuni.edu.eg,98765432136416,Dr.Haitham Farook Abd Elfattah,????,08-Dec-98,1111276,????,??????,????,???????? ?????? 2019,Address288,?????,??????_???_2019,????,????????_???,,-------------------,??? ?????
???? ???? ????? ???? ??? ??????,???,??????_2019,191054,Youssif.HFEl@fci.suezuni.edu.eg,98765432136417,Dr.Haitham Farook Abd Elfattah,????,09-Dec-98,1111277,??????,??????,????,???????? ?????? 2019,Address289,?????,??????_???_2019,????,????????_???,,-------------------,??? ?????
???? ???? ??????? ???? ????,???,,191055,191055@suezuni.edu.eg,98765432136418,Dr.Haitham Farook Abd Elfattah,????,10-Dec-98,1111278,?? ??? ????,???? ???????,????,???????? ?????? 2019,Address290,?????,??????_???_2019,????,????????_???,,-------------------,??? ?????
???? ???? ???? ????,???,,191056,191056@suezuni.edu.eg,98765432136419,Dr.Haitham Farook Abd Elfattah,????,11-Dec-98,1111279,????,???????,????,???????? ?????? 2019,Address291,?????,??????_???_2019,????,????????_???,,-------------------,??? ?????
???? ???? ????? ????,???,??????_2019,191057,Youssef.WEHa@fci.suezuni.edu.eg,98765432136420,Dr.Haitham Farook Abd Elfattah,????,12-Dec-98,1111280,????,??????,????,???????? ?????? 2019,Address292,?????,??????_???_2019,????,????????_???,,-------------------,??? ?????
???? ???? ?????? ???? ????,???,??????_2019,191058,Mazen.MSSa@fci.suezuni.edu.eg,98765432136421,Dr.Haitham Farook Abd Elfattah,????,13-Dec-98,1111281,??????,??????,????,???????? ?????? 2019,Address293,?????,??????_???_2019,????,????????_???,,-------------------,??? ?????
????? ??? ??? ?????? ????? ???,???,??????_2019,191059,Noran.AAMa@fci.suezuni.edu.eg,98765432136422,Dr.Haitham Farook Abd Elfattah,????,14-Dec-98,1111282,????????,??????,????,???????? ?????? 2019,Address294,?????,??????_???_2019,????,????????_???,,-------------------,??? ?????
?????? ???????? ??????,???,??????_2019,191060,191060@suezuni.edu.eg,98765432136423,Dr.Haitham Farook Abd Elfattah,????,15-Dec-98,1111283,,???????,?????,???????? ??????,Address295,???? ?????,??????_???_2019,????,,,-------------------,??? ?????
???? ???? ??? ?????,???,??????_2019,191061,Ahmed.MEMo@fci.suezuni.edu.eg,98765432136424,Dr. Samah Ahmed Zaki,????,,1111284,,,,,Address296,,??????_???_2019,????,,,??? ???? ??????? ???????,????
